variant_id,category,expected_result,gate_result,failing_budget_named,match
bundle-01-embedded-font,bundle,fail,fail,bundle,true
bundle-02-inline-avatars,bundle,fail,fail,bundle,true
bundle-03-duplicate-seed-dataset,bundle,fail,fail,bundle,true
bundle-04-moment-full,bundle,fail,fail,bundle,true
bundle-05-icon-barrel,bundle,fail,fail,bundle,true
bundle-06-locale-table,bundle,fail,fail,bundle,true
bundle-07-generated-palette,bundle,fail,fail,bundle,true
bundle-08-debug-devtools,bundle,fail,fail,bundle,true
virt-01-no-windowing,virtualization,fail,fail,virtualization,true
virt-02-threshold-too-high,virtualization,fail,fail,virtualization,true
virt-03-disabled-flag,virtualization,fail,fail,virtualization,true
virt-04-overscan-explosion,virtualization,fail,fail,virtualization,true
virt-05-nan-fallback-full-render,virtualization,fail,fail,virtualization,true
virt-06-filter-bug-full-render,virtualization,fail,fail,virtualization,true
virt-07-duplicate-render-print-view,virtualization,fail,fail,virtualization,true
virt-08-eager-load-more-all,virtualization,fail,fail,virtualization,true
focus-01-modal-no-restore,focus,fail,fail,focus,true
focus-02-checkbox-blurs-on-focus,focus,fail,fail,focus,true
focus-03-explicit-blur-after-action,focus,fail,fail,focus,true
focus-04-modal-trap-tabindex-removed,focus,fail,fail,focus,true
focus-05-nav-link-remount-loses-focus,focus,fail,fail,focus,true
focus-06-dropdown-blurs-on-select,focus,fail,fail,focus,true
focus-07-search-clear-remounts-input,focus,fail,fail,focus,true
contrast-01-light-gray-body-text,contrast,fail,fail,contrast,true
contrast-02-primary-button-low-contrast,contrast,fail,fail,contrast,true
contrast-03-link-on-tinted-panel,contrast,fail,fail,contrast,true
contrast-04-status-badge-low-contrast,contrast,fail,fail,contrast,true
contrast-05-filter-chip-active-low-contrast,contrast,fail,fail,contrast,true
contrast-06-dark-theme-error-text,contrast,fail,fail,contrast,true
contrast-07-nav-active-tab-low-contrast,contrast,fail,fail,contrast,true
clean-01,clean,pass,pass,none,true
clean-02,clean,pass,pass,none,true
clean-03,clean,pass,pass,none,true
clean-04,clean,pass,pass,none,true
clean-05,clean,pass,pass,none,true
clean-06,clean,pass,pass,none,true
clean-07,clean,pass,pass,none,true
clean-08,clean,pass,pass,none,true
clean-09,clean,pass,pass,none,true
clean-10,clean,pass,pass,none,true
clean-11,clean,pass,pass,none,true
clean-12,clean,pass,pass,none,true
clean-13,clean,pass,pass,none,true
clean-14,clean,pass,pass,none,true
clean-15,clean,pass,pass,none,true
clean-16,clean,pass,pass,none,true
clean-17,clean,pass,pass,none,true
clean-18,clean,pass,pass,none,true
clean-19,clean,pass,pass,none,true
clean-20,clean,pass,pass,none,true
clean-21,clean,pass,pass,none,true
clean-22,clean,pass,pass,none,true
clean-23,clean,pass,pass,none,true
clean-24,clean,pass,pass,none,true
clean-25,clean,pass,pass,none,true
clean-26,clean,pass,pass,none,true
clean-27,clean,pass,pass,none,true
clean-28,clean,pass,pass,none,true
clean-29,clean,pass,pass,none,true
clean-30,clean,pass,pass,none,true
clean-31,clean,pass,pass,none,true
clean-32,clean,pass,pass,none,true
clean-33,clean,pass,pass,none,true
clean-34,clean,pass,pass,none,true
clean-35,clean,pass,pass,none,true
clean-36,clean,pass,pass,none,true
clean-37,clean,pass,pass,none,true
clean-38,clean,pass,pass,none,true
clean-39,clean,pass,pass,none,true
clean-40,clean,pass,pass,none,true
